"single_article","1a1c74f0-5c9b-44f0-8242-429e7cc98d15","Test Article Name Modified",attr1;attr11,tag1;tag11
"single_article","85b813be-e6cc-4d9d-90a5-6c33eea3bd49","Test Article Name Modified",attr2;attr12,tag2;tag12
"single_article","8d5c27a6-4d46-46a0-8951-8c29407ec0b6","Test Article Name Modified",attr3;attr13,tag3;tag13
"single_article","ef7a15eb-5862-4898-828c-01174347d654","Test Article Name Modified",attr4;attr14,tag4;tag14
"single_article","31a3a56d-6ad1-46bd-97d8-698aa4c35e2d","Test Article Name Modified",attr5;attr15,tag5;tag15
"single_article","6bb6291e-322a-4991-a4dd-462548748a48","Test Article Name Modified",attr6;attr16,tag6;tag16
"single_article","fbf13656-819e-4ec1-9eac-ceaf464ef3bc","Test Article Name Modified",attr7;attr17,tag7;tag17
"single_article","8ae9d078-14cb-4b12-ade5-bf1364cd6cec","Test Article Name Modified",attr8;attr18,tag8;tag18
"single_article","2874b480-a238-450a-b7cb-5fccb4393394","Test Article Name Modified",attr9;attr19,tag9;tag19
"single_article","766c49e8-3522-4375-9711-00821db5f378","Test Article Name Modified",attr10;attr20,tag10;tag20
"single_article","c0e022ab-4d11-45a4-b0ee-40b952a3c276","Test Article Name Modified",attr1;attr11,tag1;tag11
"single_article","b49eea80-8fa3-4181-9110-78d81d4fbac4","Test Article Name Modified",attr2;attr12,tag2;tag12
"single_article","f3b515d5-5047-412f-81e5-f5ac35c8096a","Test Article Name Modified",attr3;attr13,tag3;tag13
"single_article","2e7e92c0-7dcd-4673-bd9b-a732be40343b","Test Article Name Modified",attr4;attr14,tag4;tag14
"single_article","67cca13f-d01a-405c-82f0-c770fc98ac2d","Test Article Name Modified",attr5;attr15,tag5;tag15
"single_article","5f1704a6-3e85-4b79-b32e-48be448423a9","Test Article Name Modified",attr6;attr16,tag6;tag16
"single_article","374641b8-0583-4117-af0a-c0a5b22df32d","Test Article Name Modified",attr7;attr17,tag7;tag17
"single_article","bb084284-032b-4031-a5e6-2a5c31a0ff59","Test Article Name Modified",attr8;attr18,tag8;tag18
"single_article","7ef853d3-8571-43dc-965b-af95e8be511d","Test Article Name Modified",attr9;attr19,tag9;tag19
"single_article","86858e73-d5d7-4d35-bb66-d543ba2a2c3c","Test Article Name Modified",attr10;attr20,tag10;tag20
"single_article","f379e2b9-1ee0-484b-b64f-7ee4b89e6901","Test Article Name Modified",attr1;attr11,tag1;tag11
"single_article","61c50368-f0e8-46cd-9e5c-d252b507e411","Test Article Name Modified",attr2;attr12,tag2;tag12
"single_article","a6b71cb7-e85e-43ca-bf53-79a2dcef6cdc","Test Article Name Modified",attr3;attr13,tag3;tag13
"single_article","23f1cef1-aafd-4076-9037-fb6671ae4f41","Test Article Name Modified",attr4;attr14,tag4;tag14
"single_article","49f9f92e-b582-42b4-932e-c3a5fc7239a9","Test Article Name Modified",attr5;attr15,tag5;tag15
"single_article","3f802349-b28e-486f-b9d6-efdd1fe9825b","Test Article Name Modified",attr6;attr16,tag6;tag16
"single_article","58bf9181-9133-430f-9491-7a5ca1c5a0c6","Test Article Name Modified",attr7;attr17,tag7;tag17
"single_article","3cf88345-b060-4a37-a158-45c651424269","Test Article Name Modified",attr8;attr18,tag8;tag18
"single_article","09fdf607-59f7-43fe-b09c-cfca481327d4","Test Article Name Modified",attr9;attr19,tag9;tag19
"single_article","a2a38795-5bdd-40f5-b410-4fa539d2273f","Test Article Name Modified",attr10;attr20,tag10;tag20
"single_article","4046b6af-7317-4d90-8eea-69ef25569e2c","Test Article Name Modified",attr1;attr11,tag1;tag11
"single_article","a4a94c56-4971-4ce9-8c22-eb58221bc5a8","Test Article Name Modified",attr2;attr12,tag2;tag12
"single_article","b8832d19-53f4-4d69-b83b-a3f5c6d28ef1","Test Article Name Modified",attr3;attr13,tag3;tag13
"single_article","f4bdc141-42ea-43e3-8bf2-0176ef0c5367","Test Article Name Modified",attr4;attr14,tag4;tag14
"single_article","270a3bf4-19c1-45ae-806b-890cd91fbbaf","Test Article Name Modified",attr5;attr15,tag5;tag15
"single_article","4deacffd-6f98-4bf5-9779-6de67b33def5","Test Article Name Modified",attr6;attr16,tag6;tag16
"single_article","80838682-2e8a-4aed-bee0-e1ddb6d3e461","Test Article Name Modified",attr7;attr17,tag7;tag17
"single_article","07a1c639-8568-4e40-bc28-68caf79ab597","Test Article Name Modified",attr8;attr18,tag8;tag18
"single_article","4b0ecd1d-d766-4a7b-bb06-76e875d3ff90","Test Article Name Modified",attr9;attr19,tag9;tag19
"single_article","1392d408-577c-4d8f-9f98-5588f34376e6","Test Article Name Modified",attr10;attr20,tag10;tag20
"single_article","f3916f19-fb6e-4a74-9a4b-6f2d4ac73f5c","Test Article Name Modified",attr1;attr11,tag1;tag11
"single_article","e3e9090c-b42a-439f-8b9c-d5bd8c11c502","Test Article Name Modified",attr2;attr12,tag2;tag12
"single_article","d9442d1d-52e0-4ec9-a450-cce1a58c3b7e","Test Article Name Modified",attr3;attr13,tag3;tag13
"single_article","6dba3900-a08e-4ffa-9447-462d71f191a1","Test Article Name Modified",attr4;attr14,tag4;tag14
"single_article","92bf9fab-e161-4331-a187-13b04ed9be9a","Test Article Name Modified",attr5;attr15,tag5;tag15
"single_article","82d9e3da-4510-479e-a47c-4477b5ebccde","Test Article Name Modified",attr6;attr16,tag6;tag16
"single_article","9f3c6a34-876c-4aa2-b70b-0c7ead732f0d","Test Article Name Modified",attr7;attr17,tag7;tag17
"single_article","856fbd94-dd5b-4a81-ba69-fb1cf69b429d","Test Article Name Modified",attr8;attr18,tag8;tag18
"single_article","e61caac9-59e4-4d2d-90ff-602c07e7a43e","Test Article Name Modified",attr9;attr19,tag9;tag19
"single_article","c34987ca-6e50-4648-9d45-407eb0b976fd","Test Article Name Modified",attr10;attr20,tag10;tag20
"single_article","aabcf16b-6229-4531-a949-471efedcb0ff","Test Article Name Modified",attr1;attr11,tag1;tag11
"single_article","40c1f823-ae05-4b0b-9bcf-0c343c846b17","Test Article Name Modified",attr2;attr12,tag2;tag12
"single_article","d9864d8a-74dc-4ed4-9c1a-342adb009948","Test Article Name Modified",attr3;attr13,tag3;tag13
"single_article","d9386c62-29dc-4a21-b2d5-937964c35fad","Test Article Name Modified",attr4;attr14,tag4;tag14
"single_article","53dbd7fc-c96d-4148-9b91-4535f2691fbf","Test Article Name Modified",attr5;attr15,tag5;tag15
"single_article","1fe1ebca-dccd-42a4-a0e0-2344d96dac64","Test Article Name Modified",attr6;attr16,tag6;tag16
"single_article","4450b8cd-182c-4f61-8f5b-9a7dbafa80d3","Test Article Name Modified",attr7;attr17,tag7;tag17
"single_article","87125859-794e-480b-9dcc-b869e103ed0c","Test Article Name Modified",attr8;attr18,tag8;tag18
"single_article","4a98ea9c-16a1-4155-bb9f-573c454e2d69","Test Article Name Modified",attr9;attr19,tag9;tag19
"single_article","e27eb511-ed62-417a-8483-fb2e25e5e64d","Test Article Name Modified",attr10;attr20,tag10;tag20
"single_article","e26f6c20-365a-4e76-9428-bbf5537126b7","Test Article Name Modified",attr1;attr11,tag1;tag11
"single_article","e9ff7115-bfd1-4d70-8658-2d0117da7538","Test Article Name Modified",attr2;attr12,tag2;tag12
"single_article","39577eba-1269-466a-a93f-310d0b4cc140","Test Article Name Modified",attr3;attr13,tag3;tag13
"single_article","26adde6c-1cd4-4912-a568-03ed6889d3d1","Test Article Name Modified",attr4;attr14,tag4;tag14
"single_article","86977f7c-5e24-4d6d-818c-30a616427119","Test Article Name Modified",attr5;attr15,tag5;tag15
"single_article","9d532cb0-568c-420e-bc2a-221e6ec8019d","Test Article Name Modified",attr6;attr16,tag6;tag16
"single_article","acca9087-966c-4481-8ce1-7246f0eb7356","Test Article Name Modified",attr7;attr17,tag7;tag17
"single_article","10c4c204-dccd-4316-a3ed-cf8067e63c13","Test Article Name Modified",attr8;attr18,tag8;tag18
"single_article","9e7211c3-2726-4d8c-aaa2-e2b06fb87660","Test Article Name Modified",attr9;attr19,tag9;tag19
"single_article","3fb4bf6d-bb5d-42ea-9ec8-b5c23a6b1418","Test Article Name Modified",attr10;attr20,tag10;tag20
"single_article","7ceb70af-cfd0-4c8b-8357-a4825e54331d","Test Article Name Modified",attr1;attr11,tag1;tag11
"single_article","02269b56-1728-4e5f-abd9-e8478ac48456","Test Article Name Modified",attr2;attr12,tag2;tag12
"single_article","75127b51-0a58-407b-81b3-133e2acaff5c","Test Article Name Modified",attr3;attr13,tag3;tag13
"single_article","c2ff6213-d819-43f3-aa07-ac8440836e85","Test Article Name Modified",attr4;attr14,tag4;tag14
"single_article","3eccaaf6-f1e9-40e1-955f-205b41b3818d","Test Article Name Modified",attr5;attr15,tag5;tag15
"single_article","7f03a604-5945-41da-b07a-2394bada585b","Test Article Name Modified",attr6;attr16,tag6;tag16
"single_article","7d835dcb-c999-4da9-a941-a40d1d7f9ca1","Test Article Name Modified",attr7;attr17,tag7;tag17
"single_article","98b74899-2459-4f12-8ddc-3e7ae05fed00","Test Article Name Modified",attr8;attr18,tag8;tag18
"single_article","47c46483-1e24-4bce-bcbd-263f6893a632","Test Article Name Modified",attr9;attr19,tag9;tag19
"single_article","e93ea2db-5414-45b9-9a37-55aef3e7fa5a","Test Article Name Modified",attr10;attr20,tag10;tag20
"single_article","3f314e4e-85b7-46e5-ba6c-a13ee125cacf","Test Article Name Modified",attr1;attr11,tag1;tag11
"single_article","d46a285e-2eb1-4d75-ab7c-e7bd7f4094c9","Test Article Name Modified",attr2;attr12,tag2;tag12
"single_article","cd0de1e3-673a-467b-afe0-af2b68f5b277","Test Article Name Modified",attr3;attr13,tag3;tag13
"single_article","de3fd745-bf9c-43bf-8fca-1eddb2221114","Test Article Name Modified",attr4;attr14,tag4;tag14
"single_article","4c4a9938-aaf4-4421-9084-4071c156ca80","Test Article Name Modified",attr5;attr15,tag5;tag15
"single_article","151ae5a0-d5e7-470e-9b6f-934d78991fa8","Test Article Name Modified",attr6;attr16,tag6;tag16
"single_article","471f8e7c-cbfd-4b76-acf5-9a2604b8b163","Test Article Name Modified",attr7;attr17,tag7;tag17
"single_article","aaa6c4e9-4fb6-4616-bc00-9ac3b7e368a7","Test Article Name Modified",attr8;attr18,tag8;tag18
"single_article","a47a8b63-daaa-4a3e-8a12-eba51ed2e75a","Test Article Name Modified",attr9;attr19,tag9;tag19
"single_article","6b24d4e8-ba80-4bfb-abc7-663fe6a0ff33","Test Article Name Modified",attr10;attr20,tag10;tag20
"single_article","d5db6de9-8119-43e9-b96d-9c7fd99c8431","Test Article Name Modified",attr1;attr11,tag1;tag11
"single_article","33367e27-4cd6-4850-b41f-0a598b5681ae","Test Article Name Modified",attr2;attr12,tag2;tag12
"single_article","c0990bb1-c871-45ca-a444-34288d77cee8","Test Article Name Modified",attr3;attr13,tag3;tag13
"single_article","9772e33b-f51c-4b5d-b4a3-c5742061b838","Test Article Name Modified",attr4;attr14,tag4;tag14
"single_article","a5dd9bff-33ec-40f0-9a9b-5e689356b6ef","Test Article Name Modified",attr5;attr15,tag5;tag15
"single_article","32b6924c-0956-40bf-8920-e7f982d3dd77","Test Article Name Modified",attr6;attr16,tag6;tag16
"single_article","37146611-ee8c-488b-98d6-6009cf73c4e1","Test Article Name Modified",attr7;attr17,tag7;tag17
"single_article","a5239369-ca1a-4617-9767-8a75ce676836","Test Article Name Modified",attr8;attr18,tag8;tag18
"single_article","ce867bda-50b5-4234-9eba-858c4b87d843","Test Article Name Modified",attr9;attr19,tag9;tag19
"single_article","b3134b93-5bfe-445b-bda4-e34ad3b892e0","Test Article Name Modified",attr10;attr20,tag10;tag20
"single_article","2379c5eb-57b8-42a2-825b-2c6d98c01ce9","Test Article Name Modified",attr1;attr11,tag1;tag11
"single_article","c56dc1fa-cd46-4f86-a67c-c62a6357a5ee","Test Article Name Modified",attr2;attr12,tag2;tag12
"single_article","e0ecebb3-d28f-47ac-8c2c-a53d8750cc11","Test Article Name Modified",attr3;attr13,tag3;tag13
"single_article","825eb7d1-b98f-4c7d-9e12-736a7de94291","Test Article Name Modified",attr4;attr14,tag4;tag14
"single_article","b37c44bd-aaa3-4ad6-bb7e-335077752217","Test Article Name Modified",attr5;attr15,tag5;tag15
"single_article","f443a650-7efe-4faa-8916-626c1e3e3f8f","Test Article Name Modified",attr6;attr16,tag6;tag16
"single_article","05f4f054-1e39-43e9-af40-54770b17d2c6","Test Article Name Modified",attr7;attr17,tag7;tag17
"single_article","22ed1eb0-9b0c-47cd-84e8-a48488a1e000","Test Article Name Modified",attr8;attr18,tag8;tag18
"single_article","acdd6955-c34e-4638-9df8-74e589555e4e","Test Article Name Modified",attr9;attr19,tag9;tag19
"single_article","dee2f41d-7cd6-45ed-a4a5-f0e21878177c","Test Article Name Modified",attr10;attr20,tag10;tag20
"single_article","73b09f1c-5053-4fb6-ae05-e80c899b08bb","Test Article Name Modified",attr1;attr11,tag1;tag11
"single_article","d76cea49-0cdd-4b03-b8a0-5de184cd7cfb","Test Article Name Modified",attr2;attr12,tag2;tag12
"single_article","59e9bca8-acbf-4eda-a6c8-6912e8e8afed","Test Article Name Modified",attr3;attr13,tag3;tag13
"single_article","02c79f9b-5f8f-449a-9114-4a76f093f273","Test Article Name Modified",attr4;attr14,tag4;tag14
"single_article","16db8b33-8af3-46b7-a55e-250038ae2153","Test Article Name Modified",attr5;attr15,tag5;tag15
"single_article","11576819-b1b2-492e-9c4d-25a01f1057ed","Test Article Name Modified",attr6;attr16,tag6;tag16
"single_article","7fe877f6-3ee3-4999-9d25-7ef6453ff7ce","Test Article Name Modified",attr7;attr17,tag7;tag17
"single_article","46d21d80-76c8-4be5-8c9f-b3f68a4a9190","Test Article Name Modified",attr8;attr18,tag8;tag18
"single_article","cf37be7e-7ef0-4fce-b4fb-c2f42b8538b4","Test Article Name Modified",attr9;attr19,tag9;tag19
"single_article","1308d943-847e-410b-b4e2-1e079cc1d327","Test Article Name Modified",attr10;attr20,tag10;tag20
"single_article","54e7e5bd-eb12-4d7b-8e9c-78db66bf17cb","Test Article Name Modified",attr1;attr11,tag1;tag11
"single_article","9c0e785c-36d2-4572-86f8-800eef311c63","Test Article Name Modified",attr2;attr12,tag2;tag12
"single_article","d2787fea-68f8-4066-a003-3b8f56896f8f","Test Article Name Modified",attr3;attr13,tag3;tag13
"single_article","020448b9-ad9f-4fc6-8195-7377da3f7f18","Test Article Name Modified",attr4;attr14,tag4;tag14
"single_article","3c18c15b-1d14-4127-9da8-afadc5502978","Test Article Name Modified",attr5;attr15,tag5;tag15
"single_article","04983df7-ff88-4e34-94d1-2c162ee15f83","Test Article Name Modified",attr6;attr16,tag6;tag16
"single_article","a27f505b-b761-45f8-81c0-f6b451920e12","Test Article Name Modified",attr7;attr17,tag7;tag17
"single_article","2d9f25da-fd00-42e3-b6ce-4540cdb77341","Test Article Name Modified",attr8;attr18,tag8;tag18
"single_article","16de22e3-80c2-4f8a-84f8-064767636858","Test Article Name Modified",attr9;attr19,tag9;tag19
"single_article","9e213968-5f27-4a83-914b-8d849845e4f3","Test Article Name Modified",attr10;attr20,tag10;tag20
"single_article","5b12c180-a3fd-4791-ad09-03e064b269c4","Test Article Name Modified",attr1;attr11,tag1;tag11
"single_article","1d06ba88-2a29-4497-a96a-af57cd76ae6e","Test Article Name Modified",attr2;attr12,tag2;tag12
"single_article","2d45544c-f7c9-4250-ac3c-0ef3bd25858e","Test Article Name Modified",attr3;attr13,tag3;tag13
"single_article","e623e50e-2eb3-47dc-ad99-aa5350a8eed7","Test Article Name Modified",attr4;attr14,tag4;tag14
"single_article","c8fcb9b5-4096-41da-9dd2-9fdd16506953","Test Article Name Modified",attr5;attr15,tag5;tag15
"single_article","f6959e1a-5f46-43c3-a857-313f8f2d7a60","Test Article Name Modified",attr6;attr16,tag6;tag16
"single_article","78672215-04d7-46f9-a20b-81b757405e7d","Test Article Name Modified",attr7;attr17,tag7;tag17
"single_article","73ea013d-47b9-4f55-883b-3b2efe9a079f","Test Article Name Modified",attr8;attr18,tag8;tag18
"single_article","5b317043-fe81-48be-83e1-b5d618278137","Test Article Name Modified",attr9;attr19,tag9;tag19
"single_article","6f96860b-0348-404f-a708-87c6a0a6b9e9","Test Article Name Modified",attr10;attr20,tag10;tag20
"single_article","95fe433b-041b-4729-b45f-b068067a70b2","Test Article Name Modified",attr1;attr11,tag1;tag11
"single_article","37b6daeb-e299-4509-9533-f99badbd49f8","Test Article Name Modified",attr2;attr12,tag2;tag12
"single_article","207cee07-b8bd-459d-98ff-5cb96141286b","Test Article Name Modified",attr3;attr13,tag3;tag13
"single_article","58a60886-74dc-4d82-b876-dbebb0022274","Test Article Name Modified",attr4;attr14,tag4;tag14
"single_article","8c337e0a-fc4a-41f0-9486-003ac7bdef76","Test Article Name Modified",attr5;attr15,tag5;tag15
"single_article","d93407b6-a81f-4c23-bfd1-c9653bd6f3d5","Test Article Name Modified",attr6;attr16,tag6;tag16
"single_article","b7c4d7a8-568e-43e9-96d1-3fc161f95bfe","Test Article Name Modified",attr7;attr17,tag7;tag17
"single_article","b02a8e3c-4450-4424-a184-0e045519e3c9","Test Article Name Modified",attr8;attr18,tag8;tag18
"single_article","c2244e75-1c55-4e55-9a47-6eb8421afd28","Test Article Name Modified",attr9;attr19,tag9;tag19
"single_article","2654514f-83ae-417c-9246-cd84a8b7ef92","Test Article Name Modified",attr10;attr20,tag10;tag20
"single_article","40f93c2a-5d06-453c-80f4-794c0b9ad3d0","Test Article Name Modified",attr1;attr11,tag1;tag11
"single_article","05457d12-1f13-45ea-b112-84b7cc88c6aa","Test Article Name Modified",attr2;attr12,tag2;tag12
"single_article","aabb1ccb-8b61-4bf0-bf7a-c798963c8a96","Test Article Name Modified",attr3;attr13,tag3;tag13
"single_article","1acc7aa2-f082-40a6-9e63-1892f61eb690","Test Article Name Modified",attr4;attr14,tag4;tag14
"single_article","92f80a39-cf38-48f0-867d-4dba68719fa8","Test Article Name Modified",attr5;attr15,tag5;tag15
"single_article","ecebbb5b-74b8-4cc6-b57b-9a55a3a013e5","Test Article Name Modified",attr6;attr16,tag6;tag16
"single_article","c919e52f-1fbd-4b20-8b81-cab001680409","Test Article Name Modified",attr7;attr17,tag7;tag17
"single_article","86e683f2-2367-4f3a-8efc-40c45211de94","Test Article Name Modified",attr8;attr18,tag8;tag18
"single_article","d8edaa89-d557-4659-b174-3d70c7afac82","Test Article Name Modified",attr9;attr19,tag9;tag19
"single_article","4126433d-4bb8-4137-8463-2a0c4d999e8a","Test Article Name Modified",attr10;attr20,tag10;tag20
"single_article","c0751619-a2a9-44d9-9cd8-2cb5a8e7afe6","Test Article Name Modified",attr1;attr11,tag1;tag11
"single_article","fee63afe-8a08-4206-892a-88f065eea01f","Test Article Name Modified",attr2;attr12,tag2;tag12
"single_article","75dae97d-973a-4403-8fdc-f100ed615610","Test Article Name Modified",attr3;attr13,tag3;tag13
"single_article","3f32207b-8a31-4150-86d9-3c2bdc2d6c90","Test Article Name Modified",attr4;attr14,tag4;tag14
"single_article","e3d4390c-dad4-4bf9-8b92-fcbee9ac00a7","Test Article Name Modified",attr5;attr15,tag5;tag15
"single_article","867ab579-27c3-47a6-b0d0-a2552bba73ce","Test Article Name Modified",attr6;attr16,tag6;tag16
"single_article","6e73145a-b252-412d-af68-87bdb99ee95f","Test Article Name Modified",attr7;attr17,tag7;tag17
"single_article","ca185219-9ec2-4d04-8d1b-5bd2df1d197a","Test Article Name Modified",attr8;attr18,tag8;tag18
"single_article","8c07ef47-fb5f-4696-800e-cc1d1e0d4b9e","Test Article Name Modified",attr9;attr19,tag9;tag19
"single_article","08741bb3-340c-481a-b73b-acc4d1d66705","Test Article Name Modified",attr10;attr20,tag10;tag20
"single_article","c25d91d2-0a34-43f3-a0a7-df59d93c525a","Test Article Name Modified",attr1;attr11,tag1;tag11
"single_article","a017e171-cdc2-4e74-a03b-24e314c0ba03","Test Article Name Modified",attr2;attr12,tag2;tag12
"single_article","cb782957-5755-417a-afe8-a0616b87cef9","Test Article Name Modified",attr3;attr13,tag3;tag13
"single_article","616e8aa5-e65f-4e2b-881b-f4b115ed3e51","Test Article Name Modified",attr4;attr14,tag4;tag14
"single_article","b7655089-d367-4ab3-9510-89b89a4259b6","Test Article Name Modified",attr5;attr15,tag5;tag15
"single_article","15f892b6-785b-4e91-b505-6c2228932fa7","Test Article Name Modified",attr6;attr16,tag6;tag16
"single_article","bc6c2650-171b-4d7d-8ebd-ee4f2c354cdb","Test Article Name Modified",attr7;attr17,tag7;tag17
"single_article","a0c140af-88a9-47a8-8d81-16f25daaa672","Test Article Name Modified",attr8;attr18,tag8;tag18
"single_article","8fe4920f-3d50-4e72-bc77-07840e3b9d81","Test Article Name Modified",attr9;attr19,tag9;tag19
"single_article","aeb901e6-db9a-46e7-a398-5fb701f9f5b1","Test Article Name Modified",attr10;attr20,tag10;tag20
"single_article","f9a1d00c-5ba1-4dbe-a2a2-02bdf540b983","Test Article Name Modified",attr1;attr11,tag1;tag11
"single_article","bf7d5218-ae53-4650-8cdd-09a4b3b276a2","Test Article Name Modified",attr2;attr12,tag2;tag12
"single_article","6db40313-ebd2-40ab-9066-52daa2ce168a","Test Article Name Modified",attr3;attr13,tag3;tag13
"single_article","1eb34068-18bd-4891-abb1-5c8b93512607","Test Article Name Modified",attr4;attr14,tag4;tag14
"single_article","b88a60a7-e6ab-4e5d-a5f2-e9fcdd03efb0","Test Article Name Modified",attr5;attr15,tag5;tag15
"single_article","eefa433f-e692-4dc3-a836-6115b20f8a2c","Test Article Name Modified",attr6;attr16,tag6;tag16
"single_article","7107b943-0b31-4e03-91da-c503417785e6","Test Article Name Modified",attr7;attr17,tag7;tag17
"single_article","4e6a052e-43fa-498c-b5bf-50ad1a00f9e3","Test Article Name Modified",attr8;attr18,tag8;tag18
"single_article","fa625b33-db55-4ed6-96a6-af7fae926798","Test Article Name Modified",attr9;attr19,tag9;tag19
"single_article","b3ae8122-2d30-4e81-957c-b32ad06c3f12","Test Article Name Modified",attr10;attr20,tag10;tag20
"single_article","b3fe7030-e26a-43b0-8936-382d0e1514bc","Test Article Name Modified",attr1;attr11,tag1;tag11
"single_article","4127da25-c590-48ac-8e58-bffb52299971","Test Article Name Modified",attr2;attr12,tag2;tag12
"single_article","b1d89312-293f-4acd-83bb-07dea9d79848","Test Article Name Modified",attr3;attr13,tag3;tag13
"single_article","dc2c1441-9369-4fbd-8b36-18fc8b303590","Test Article Name Modified",attr4;attr14,tag4;tag14
"single_article","bff1b680-df61-47c7-96b4-4bb471a77f6b","Test Article Name Modified",attr5;attr15,tag5;tag15
"single_article","36ab71bb-f301-4290-a93a-1720440a97ed","Test Article Name Modified",attr6;attr16,tag6;tag16
"single_article","74eaeff8-beba-4917-954c-c5e6744541f8","Test Article Name Modified",attr7;attr17,tag7;tag17
"single_article","ca28aa0c-0cf4-41bf-bebe-dee736f10137","Test Article Name Modified",attr8;attr18,tag8;tag18
"single_article","af3fd98b-ad5d-4311-82f3-f544fea59b1b","Test Article Name Modified",attr9;attr19,tag9;tag19
"single_article","0f57b004-8623-434e-9bc3-03228adf5831","Test Article Name Modified",attr10;attr20,tag10;tag20
"single_article","d742f777-8948-4303-9f87-bbb247f9adbf","Test Article Name Modified",attr1;attr11,tag1;tag11
"single_article","4bc3b798-7e57-4315-aa59-56355220a0c8","Test Article Name Modified",attr2;attr12,tag2;tag12
"single_article","f8427861-b333-4ab8-b1ac-2c14eca701d9","Test Article Name Modified",attr3;attr13,tag3;tag13
"single_article","dba9e186-faa2-4adb-99e3-88005a6c220a","Test Article Name Modified",attr4;attr14,tag4;tag14
"single_article","33f9f05a-64c7-446d-a320-d6f8ce95dd20","Test Article Name Modified",attr5;attr15,tag5;tag15
"single_article","ac02cf4d-f851-45d9-a54c-2bb958fcc5c4","Test Article Name Modified",attr6;attr16,tag6;tag16
"single_article","a38a30e1-f054-4d0e-9f77-99782b736232","Test Article Name Modified",attr7;attr17,tag7;tag17
"single_article","185920e1-8dd0-4499-a85a-7ac55bc1b0ea","Test Article Name Modified",attr8;attr18,tag8;tag18
"single_article","79fec517-0469-42d6-ac4b-9362ed2d8ff2","Test Article Name Modified",attr9;attr19,tag9;tag19
"single_article","e54ab7a6-8aea-4560-97bb-c54d3e3b0529","Test Article Name Modified",attr10;attr20,tag10;tag20
"single_article","347d1d78-a846-4ee9-9793-902cabda55b0","Test Article Name Modified",attr1;attr11,tag1;tag11
"single_article","2f2113e0-190a-421d-9fef-6201ce52deed","Test Article Name Modified",attr2;attr12,tag2;tag12
"single_article","49a9ad8e-657a-427c-818f-f3e6f3737ce6","Test Article Name Modified",attr3;attr13,tag3;tag13
"single_article","9e642884-5db2-4516-8644-2de2b9cbe606","Test Article Name Modified",attr4;attr14,tag4;tag14
"single_article","252c2b7d-67eb-45f4-9b48-c52d5f4cb35e","Test Article Name Modified",attr5;attr15,tag5;tag15
"single_article","6e4bf764-97a7-47f9-836f-efde9a5c0072","Test Article Name Modified",attr6;attr16,tag6;tag16
"single_article","921bfb97-206f-4cb0-b248-54049d2a962c","Test Article Name Modified",attr7;attr17,tag7;tag17
"single_article","2aee2113-575e-481d-a02b-742af7302640","Test Article Name Modified",attr8;attr18,tag8;tag18
"single_article","f5de28ae-0525-4459-842d-5bb04a5d0ed6","Test Article Name Modified",attr9;attr19,tag9;tag19
"single_article","fd3d4f4a-9632-4081-b2d2-ee3a8d6f37d2","Test Article Name Modified",attr10;attr20,tag10;tag20
"single_article","ce968b2f-a908-45f6-b60b-21a63c1e7852","Test Article Name Modified",attr1;attr11,tag1;tag11
"single_article","cc75b535-74f3-44ae-8133-3b0788303121","Test Article Name Modified",attr2;attr12,tag2;tag12
"single_article","43ca4ba4-686e-49ae-b49c-a2c2a66dc807","Test Article Name Modified",attr3;attr13,tag3;tag13
"single_article","df760bdf-cb11-46aa-a1fe-4efbdcd47a05","Test Article Name Modified",attr4;attr14,tag4;tag14
"single_article","1af4a7d1-ddc8-44e7-8373-a633f8fa6995","Test Article Name Modified",attr5;attr15,tag5;tag15
"single_article","23fab869-5225-46b0-8055-367599c57e0a","Test Article Name Modified",attr6;attr16,tag6;tag16
"single_article","b2b326e0-a184-43cb-b6fc-e6c0f0325637","Test Article Name Modified",attr7;attr17,tag7;tag17
"single_article","d339bb79-2333-47bc-bc35-b46b7887f2fc","Test Article Name Modified",attr8;attr18,tag8;tag18
"single_article","a404e1fa-2b04-4263-9c59-757fca0992e8","Test Article Name Modified",attr9;attr19,tag9;tag19
"single_article","f9ca059e-293a-473c-aee3-890509e53bc8","Test Article Name Modified",attr10;attr20,tag10;tag20
"single_article","08df4346-b704-4571-8f03-ce3f10ca0d7e","Test Article Name Modified",attr1;attr11,tag1;tag11
"single_article","4f83bc91-41e4-4d0c-a75f-2fa3136b062d","Test Article Name Modified",attr2;attr12,tag2;tag12
"single_article","429322b9-8693-4c86-aa23-12b31d6e14db","Test Article Name Modified",attr3;attr13,tag3;tag13
"single_article","0963171f-36cf-4bd0-9790-3f6874bf1f81","Test Article Name Modified",attr4;attr14,tag4;tag14
"single_article","4c2ffea1-6571-4098-ab53-ba8baeec9012","Test Article Name Modified",attr5;attr15,tag5;tag15
"single_article","4a7b8ad5-e7d6-492a-872a-3554cf20fff0","Test Article Name Modified",attr6;attr16,tag6;tag16
"single_article","947d1f8f-7df4-4317-948b-ffdfd06d2a24","Test Article Name Modified",attr7;attr17,tag7;tag17
"single_article","574e6cdb-cdaa-4598-816e-032a5f70620e","Test Article Name Modified",attr8;attr18,tag8;tag18
"single_article","e552a2ac-e0ef-4b54-a50c-81789c792b91","Test Article Name Modified",attr9;attr19,tag9;tag19
"single_article","97e5e6fc-b2f3-4172-a59f-e74a81cff97b","Test Article Name Modified",attr10;attr20,tag10;tag20
"single_article","5a641276-babd-4c76-9b3e-b7e797f6f406","Test Article Name Modified",attr1;attr11,tag1;tag11
"single_article","8c63a837-9358-48ff-b93f-b678ff98e081","Test Article Name Modified",attr2;attr12,tag2;tag12
"single_article","baaaa7f4-42ff-4bfe-b692-3e4e8ceff933","Test Article Name Modified",attr3;attr13,tag3;tag13
"single_article","c5835597-c9a1-4148-ab45-9429bb09cf46","Test Article Name Modified",attr4;attr14,tag4;tag14
"single_article","51d73a8c-f7f9-4856-bb47-2f81cb216747","Test Article Name Modified",attr5;attr15,tag5;tag15
"single_article","ba263c4b-4d34-436a-8fe3-1600d703291c","Test Article Name Modified",attr6;attr16,tag6;tag16
"single_article","71a2b44c-e99b-41b5-8986-f6c62156ebb2","Test Article Name Modified",attr7;attr17,tag7;tag17
"single_article","d71cb390-b211-415e-91b7-5cc84af5f1b1","Test Article Name Modified",attr8;attr18,tag8;tag18
"single_article","1f4e10e4-fb26-4f5c-ac80-ddc6d1b5518f","Test Article Name Modified",attr9;attr19,tag9;tag19
"single_article","8e5dce68-990e-4eee-9fed-50cf67ce4103","Test Article Name Modified",attr10;attr20,tag10;tag20
"single_article","954548df-29d8-4428-baf9-73a26c665a38","Test Article Name Modified",attr1;attr11,tag1;tag11
"single_article","de573c55-9bcd-408f-aae1-d4b6d4c5de21","Test Article Name Modified",attr2;attr12,tag2;tag12
"single_article","da785fae-df81-4ec0-92af-6c9a7a5e148b","Test Article Name Modified",attr3;attr13,tag3;tag13
"single_article","5513a617-6116-4cea-a5f9-bef3c4ded485","Test Article Name Modified",attr4;attr14,tag4;tag14
"single_article","ced666b5-dd60-4e51-9042-38619b2ba76e","Test Article Name Modified",attr5;attr15,tag5;tag15
"single_article","d98412b4-a70e-46d2-a9a2-88e3277f63b0","Test Article Name Modified",attr6;attr16,tag6;tag16
"single_article","4170e26b-7267-4366-8c4a-8f43cec979c7","Test Article Name Modified",attr7;attr17,tag7;tag17
"single_article","9c0dc8e3-0db4-4a33-b73c-ac88c9d7e349","Test Article Name Modified",attr8;attr18,tag8;tag18
"single_article","61955c99-4e8c-47e0-8556-23630e3688aa","Test Article Name Modified",attr9;attr19,tag9;tag19
"single_article","593baac8-a1b6-4f9b-a540-a8ba42f5d32a","Test Article Name Modified",attr10;attr20,tag10;tag20
"single_article","6c97a4ef-a311-44f8-bf90-46a6cdcfdef5","Test Article Name Modified",attr1;attr11,tag1;tag11
"single_article","3d98918a-d19b-4b7a-b3bc-e94fb87305fd","Test Article Name Modified",attr2;attr12,tag2;tag12
"single_article","10a30963-8678-4af7-af95-0e2ac36bdfe0","Test Article Name Modified",attr3;attr13,tag3;tag13
"single_article","214840dd-d653-4d2e-b608-5cc7288878c6","Test Article Name Modified",attr4;attr14,tag4;tag14
"single_article","e7a8ba2d-91f2-45ef-8934-bcde662053e1","Test Article Name Modified",attr5;attr15,tag5;tag15
"single_article","24c487b5-e76d-4695-abac-1598717265cd","Test Article Name Modified",attr6;attr16,tag6;tag16
"single_article","fcc4ce34-a3a1-4310-b0a0-6a5d17f86ec1","Test Article Name Modified",attr7;attr17,tag7;tag17
"single_article","04791f38-a0aa-4353-bf7f-bb65c2c1d5b1","Test Article Name Modified",attr8;attr18,tag8;tag18
"single_article","31fdf0d8-d623-411d-89cd-1d1b98f47d50","Test Article Name Modified",attr9;attr19,tag9;tag19
"single_article","361e4564-d0cf-4a05-b16c-b5460041f1a5","Test Article Name Modified",attr10;attr20,tag10;tag20
"single_article","8acd8d2e-a29c-42f9-a3f3-befcdf7cb77a","Test Article Name Modified",attr1;attr11,tag1;tag11
"single_article","1ec6a91c-4788-442e-9cb7-02ce7a349e56","Test Article Name Modified",attr2;attr12,tag2;tag12
"single_article","5b46f1fa-140c-416b-b805-61e17ca3110b","Test Article Name Modified",attr3;attr13,tag3;tag13
"single_article","70aae136-89f0-4a99-a493-868e85d2890a","Test Article Name Modified",attr4;attr14,tag4;tag14
"single_article","9b497c3d-0e02-4a7c-b299-5bad5d436ba7","Test Article Name Modified",attr5;attr15,tag5;tag15
"single_article","467fb404-2ad6-42d5-8e87-4391317f5aaa","Test Article Name Modified",attr6;attr16,tag6;tag16
"single_article","1a92447b-2aa8-46cb-8ddf-b9976767d5cf","Test Article Name Modified",attr7;attr17,tag7;tag17
"single_article","945b6ba9-8abd-4f2e-a690-0baa57684582","Test Article Name Modified",attr8;attr18,tag8;tag18
"single_article","0cc4154c-03cb-42f5-95fb-5137bbaab5ed","Test Article Name Modified",attr9;attr19,tag9;tag19
"single_article","0199bae8-1749-4794-a80f-35921e54912d","Test Article Name Modified",attr10;attr20,tag10;tag20
"single_article","91e4cb44-8c49-413e-8edb-e3ba7d2ba46d","Test Article Name Modified",attr1;attr11,tag1;tag11
"single_article","1d1694b8-b1c1-4857-91c0-4752a1a3efe3","Test Article Name Modified",attr2;attr12,tag2;tag12
"single_article","09620ae4-92b0-44aa-b6f6-2aa51fc527f4","Test Article Name Modified",attr3;attr13,tag3;tag13
"single_article","f2bb6bdf-4ab2-4dee-a856-33100c5d88a5","Test Article Name Modified",attr4;attr14,tag4;tag14
"single_article","7bd7931f-38ba-4979-a794-c20b1caf96ab","Test Article Name Modified",attr5;attr15,tag5;tag15
"single_article","a915a027-23be-4ccd-9ae6-612f4f0f71d4","Test Article Name Modified",attr6;attr16,tag6;tag16
"single_article","0cd654b9-c448-448d-ace8-a4cd0038a616","Test Article Name Modified",attr7;attr17,tag7;tag17
"single_article","1d94a450-2c61-44e7-be85-1629005fef6b","Test Article Name Modified",attr8;attr18,tag8;tag18
"single_article","08c433bf-39bf-4dbc-81a7-9cfd19274a23","Test Article Name Modified",attr9;attr19,tag9;tag19
"single_article","a736c493-e11c-4a50-824f-3fca189fd5d7","Test Article Name Modified",attr10;attr20,tag10;tag20
"single_article","293b126b-b656-4922-8b3b-1086147d4dc6","Test Article Name Modified",attr1;attr11,tag1;tag11
"single_article","86deb4c4-6a15-4a55-be46-f915fe27cad6","Test Article Name Modified",attr2;attr12,tag2;tag12
"single_article","cead3839-9dc1-48c9-828b-424d10c4b04f","Test Article Name Modified",attr3;attr13,tag3;tag13
"single_article","b27f9a42-0770-413f-ab05-29aac69bc956","Test Article Name Modified",attr4;attr14,tag4;tag14
"single_article","0c98a03e-cf35-484b-b85e-0d62a8784c98","Test Article Name Modified",attr5;attr15,tag5;tag15
"single_article","b2bcfd08-f261-4d1d-a3a8-fccc23536865","Test Article Name Modified",attr6;attr16,tag6;tag16
"single_article","2a71359d-c7fa-4f46-87d8-aff4ce0186f4","Test Article Name Modified",attr7;attr17,tag7;tag17
"single_article","ef12409a-3ab8-4967-b2ae-67aa8b560881","Test Article Name Modified",attr8;attr18,tag8;tag18
"single_article","f5115639-aa86-4ba2-aa11-3df0eccb5d98","Test Article Name Modified",attr9;attr19,tag9;tag19
"single_article","c5de88a8-d8b5-4b17-bee9-557548675589","Test Article Name Modified",attr10;attr20,tag10;tag20
"single_article","72e48c78-210d-4636-83b4-f04cb8508162","Test Article Name Modified",attr1;attr11,tag1;tag11
"single_article","ee1a57fe-1799-4991-9344-ac84a787f404","Test Article Name Modified",attr2;attr12,tag2;tag12
"single_article","05ca1e87-3b42-4607-9a26-c85f391e248b","Test Article Name Modified",attr3;attr13,tag3;tag13
"single_article","6d20e8ab-31e3-4d0c-84cd-f244dd8afb47","Test Article Name Modified",attr4;attr14,tag4;tag14
"single_article","88beba49-cb0a-431a-acb9-0ee178bff5bb","Test Article Name Modified",attr5;attr15,tag5;tag15
"single_article","82c977e6-cb1c-458d-b6d7-28e155c4c52d","Test Article Name Modified",attr6;attr16,tag6;tag16
"single_article","0ce2ef09-38f7-4eef-8d9d-72940ae11a12","Test Article Name Modified",attr7;attr17,tag7;tag17
"single_article","215c4d4f-e41d-4c33-930f-04d4cabfcaf6","Test Article Name Modified",attr8;attr18,tag8;tag18
"single_article","d1ff10f8-5d9f-4f71-8a4b-727a8b97d8d0","Test Article Name Modified",attr9;attr19,tag9;tag19
"single_article","1904de93-ea6d-471c-a143-4a46fc64bd9c","Test Article Name Modified",attr10;attr20,tag10;tag20
"single_article","a1abdf89-d088-43d1-8533-4139bd18c7b0","Test Article Name Modified",attr1;attr11,tag1;tag11
"single_article","2e41f7e6-2843-4176-9bc1-f6b596ed6e93","Test Article Name Modified",attr2;attr12,tag2;tag12
"single_article","6d5ddc1d-ea73-4719-abc0-4645288bbb2a","Test Article Name Modified",attr3;attr13,tag3;tag13
"single_article","dbb2f8ff-980d-4539-816f-0f84416f9a5a","Test Article Name Modified",attr4;attr14,tag4;tag14
"single_article","60bdaadd-85a2-459f-ae3f-cc64976a31ad","Test Article Name Modified",attr5;attr15,tag5;tag15
"single_article","fa10a9bf-c647-416a-9dd7-7d4d853bd6ff","Test Article Name Modified",attr6;attr16,tag6;tag16
"single_article","86f71342-dca8-4a1f-93eb-85e93239c7b3","Test Article Name Modified",attr7;attr17,tag7;tag17
"single_article","ea74574e-0a04-4a2f-b4ca-ee0726627593","Test Article Name Modified",attr8;attr18,tag8;tag18
"single_article","b49b6b7c-13ef-4bbf-af53-245c16d0e7c1","Test Article Name Modified",attr9;attr19,tag9;tag19
"single_article","d2039cb8-5343-457b-8357-584fd68e054f","Test Article Name Modified",attr10;attr20,tag10;tag20
"single_article","5976e3cc-80df-4b66-8197-90219f1af99e","Test Article Name Modified",attr1;attr11,tag1;tag11
"single_article","29a7b787-1038-4fee-8a23-1265bb8366f7","Test Article Name Modified",attr2;attr12,tag2;tag12
"single_article","d2b1fcf0-86e6-45ee-8994-52730fd70eec","Test Article Name Modified",attr3;attr13,tag3;tag13
"single_article","807dceb1-b742-4324-a897-b2171b7242e9","Test Article Name Modified",attr4;attr14,tag4;tag14
"single_article","96b217c3-144f-4a13-8ed4-8dd48f9d7004","Test Article Name Modified",attr5;attr15,tag5;tag15
"single_article","db6fb3ef-573b-4f2c-b9a6-e6145f89bfdd","Test Article Name Modified",attr6;attr16,tag6;tag16
"single_article","8a423635-652a-4553-9008-af7b5a891541","Test Article Name Modified",attr7;attr17,tag7;tag17
"single_article","5609025a-fd1e-47b4-9951-cde5d69e6bd8","Test Article Name Modified",attr8;attr18,tag8;tag18
"single_article","f169070c-16fb-4b33-b39c-f581309dce5f","Test Article Name Modified",attr9;attr19,tag9;tag19
"single_article","e8e484d3-04d7-4aa9-ad8e-2671fe00c27d","Test Article Name Modified",attr10;attr20,tag10;tag20
"single_article","d70903bd-7bcd-4857-a071-0e7bef47f691","Test Article Name Modified",attr1;attr11,tag1;tag11
"single_article","5f5344cf-1791-41cc-8555-0afebde5f3b5","Test Article Name Modified",attr2;attr12,tag2;tag12
"single_article","11715089-f044-4a4b-b828-70bc75416f89","Test Article Name Modified",attr3;attr13,tag3;tag13
"single_article","7c3def80-79ed-41fb-ac58-40da85b35bc9","Test Article Name Modified",attr4;attr14,tag4;tag14
"single_article","f1edf029-0d73-45ee-85f6-687b0bcaad7b","Test Article Name Modified",attr5;attr15,tag5;tag15
"single_article","914f7822-188e-4963-8faa-a7492421cdb0","Test Article Name Modified",attr6;attr16,tag6;tag16
"single_article","88a15203-e04f-41d2-97d3-f02edac2fdc7","Test Article Name Modified",attr7;attr17,tag7;tag17
"single_article","2c1bf406-9809-4153-992b-f3541154f8fd","Test Article Name Modified",attr8;attr18,tag8;tag18
"single_article","e8a04f6e-136d-4667-a6a8-943867cd0eaa","Test Article Name Modified",attr9;attr19,tag9;tag19
"single_article","dd3240fa-1d76-49e2-a63d-e8ae00ea688d","Test Article Name Modified",attr10;attr20,tag10;tag20
"single_article","9c2e67a7-3314-4f1c-9a7f-4104b868f4b9","Test Article Name Modified",attr1;attr11,tag1;tag11
"single_article","45670f12-c3a4-4572-9853-da0fc7bb5f60","Test Article Name Modified",attr2;attr12,tag2;tag12
"single_article","4a4bbf72-5680-49b7-ad86-95d2f4c0a942","Test Article Name Modified",attr3;attr13,tag3;tag13
"single_article","a1461938-5fb9-4569-b72d-66207fa4b28c","Test Article Name Modified",attr4;attr14,tag4;tag14
"single_article","92e6cf8e-8b0e-40e7-ab9a-9d819c73262e","Test Article Name Modified",attr5;attr15,tag5;tag15
"single_article","6490e578-fe51-4e00-b4a7-ee85a440aa3e","Test Article Name Modified",attr6;attr16,tag6;tag16
"single_article","92388e1a-9597-4153-b815-a27f222f0178","Test Article Name Modified",attr7;attr17,tag7;tag17
"single_article","c98a7ce4-88d2-4276-b164-7ea3311e2139","Test Article Name Modified",attr8;attr18,tag8;tag18
"single_article","6225f8cf-67da-47e8-b150-22197b56e949","Test Article Name Modified",attr9;attr19,tag9;tag19
"single_article","82141ad3-2dd4-4e2e-8328-83da8c083380","Test Article Name Modified",attr10;attr20,tag10;tag20
"single_article","def79318-d381-472e-b675-dc1cf0557d33","Test Article Name Modified",attr1;attr11,tag1;tag11
"single_article","81011f27-36e4-47c4-9ffb-b94c2b260696","Test Article Name Modified",attr2;attr12,tag2;tag12
"single_article","051ea58e-d6bc-4d62-921a-bafbadfa5fd9","Test Article Name Modified",attr3;attr13,tag3;tag13
"single_article","3016f2af-d54f-4043-8586-8f77e96e2d97","Test Article Name Modified",attr4;attr14,tag4;tag14
"single_article","f2c04a18-3ea4-4565-b9e7-cd4d042c9b7e","Test Article Name Modified",attr5;attr15,tag5;tag15
"single_article","44c48a7e-09f3-4d97-89f2-d34f25f472c8","Test Article Name Modified",attr6;attr16,tag6;tag16
"single_article","9dff0762-c9b9-43ae-9ac8-8b50dc71f87e","Test Article Name Modified",attr7;attr17,tag7;tag17
"single_article","a7587088-5410-452f-9585-5310eda2a120","Test Article Name Modified",attr8;attr18,tag8;tag18
"single_article","239c35b0-b344-47f6-a312-6c06183d38c0","Test Article Name Modified",attr9;attr19,tag9;tag19
"single_article","f9c5bb9c-8292-457d-998b-1946270ae214","Test Article Name Modified",attr10;attr20,tag10;tag20
"single_article","84f39f13-67db-4733-9582-c3d14378aaba","Test Article Name Modified",attr1;attr11,tag1;tag11
"single_article","21c28138-8f0b-41f4-a654-22b7add8b5d5","Test Article Name Modified",attr2;attr12,tag2;tag12
"single_article","55593c20-e633-4cb9-915d-86e9fb414def","Test Article Name Modified",attr3;attr13,tag3;tag13
"single_article","1909ed4b-ee2d-4c45-94ed-4da31e266c58","Test Article Name Modified",attr4;attr14,tag4;tag14
"single_article","2be6b494-16db-43b4-a1d9-1c14e019d3c9","Test Article Name Modified",attr5;attr15,tag5;tag15
"single_article","fa2e8db3-b9ae-44c1-8b8f-ecda6643a5c6","Test Article Name Modified",attr6;attr16,tag6;tag16
"single_article","c5cc9a34-6a5b-45d1-a490-3c0708255d94","Test Article Name Modified",attr7;attr17,tag7;tag17
"single_article","a859e125-6cf6-47df-a283-b17a4b81b621","Test Article Name Modified",attr8;attr18,tag8;tag18
"single_article","b3bd6882-faba-4037-967a-1350231565b5","Test Article Name Modified",attr9;attr19,tag9;tag19
"single_article","03823f6e-086b-4635-b4ce-d8365816bab3","Test Article Name Modified",attr10;attr20,tag10;tag20
"single_article","172b0a56-2912-4cb2-873d-48ce3d93af80","Test Article Name Modified",attr1;attr11,tag1;tag11
"single_article","7907af90-a82d-4849-bc0e-fae093f247c5","Test Article Name Modified",attr2;attr12,tag2;tag12
"single_article","693ff4d4-377b-4f7d-9431-4359f39f8695","Test Article Name Modified",attr3;attr13,tag3;tag13
"single_article","4c774105-4ba3-40d3-8988-2fc01ba6ce59","Test Article Name Modified",attr4;attr14,tag4;tag14
"single_article","c0006781-0885-47c7-8315-6100d93847f5","Test Article Name Modified",attr5;attr15,tag5;tag15
"single_article","a387c323-91b8-442c-a7bc-e58d7357717e","Test Article Name Modified",attr6;attr16,tag6;tag16
"single_article","8349ac89-07bf-4a8a-a9d4-43b8f7120e9c","Test Article Name Modified",attr7;attr17,tag7;tag17
"single_article","a1ed0055-4a65-437b-9728-75e4f771be1b","Test Article Name Modified",attr8;attr18,tag8;tag18
"single_article","a96a666a-5e0f-4bbf-984b-00134e76fdbc","Test Article Name Modified",attr9;attr19,tag9;tag19
"single_article","f3b119ce-a81a-4760-99be-b925f4d92777","Test Article Name Modified",attr10;attr20,tag10;tag20
"single_article","e146c03a-f275-4621-b771-250fbdb61f19","Test Article Name Modified",attr1;attr11,tag1;tag11
"single_article","f81b92e3-760d-459b-a7da-faa9cec080ca","Test Article Name Modified",attr2;attr12,tag2;tag12
"single_article","36e8dffc-fdcf-49d3-bbc0-75fe9693980d","Test Article Name Modified",attr3;attr13,tag3;tag13
"single_article","e7310bdb-dc0d-43b8-9607-1c1d0bf7c78c","Test Article Name Modified",attr4;attr14,tag4;tag14
"single_article","6b7985c2-a26f-4a27-baaa-f1cd72dbd754","Test Article Name Modified",attr5;attr15,tag5;tag15
"single_article","61487976-8ec6-409a-a568-37626e4ef0c7","Test Article Name Modified",attr6;attr16,tag6;tag16
"single_article","de81af22-3aa0-47e6-b6c1-d4d7273fdbbd","Test Article Name Modified",attr7;attr17,tag7;tag17
"single_article","a57643bf-0c1a-43bb-93df-d8566a4ecfa9","Test Article Name Modified",attr8;attr18,tag8;tag18
"single_article","be26d175-1b8f-4445-b636-635b948cb906","Test Article Name Modified",attr9;attr19,tag9;tag19
"single_article","34bbaa8a-b742-4197-9e8a-b382e1e361fe","Test Article Name Modified",attr10;attr20,tag10;tag20
"single_article","206e4ca6-2a1f-493f-94aa-e3f3cf8f4449","Test Article Name Modified",attr1;attr11,tag1;tag11
"single_article","f870751b-0a3b-4ece-9b21-6bad2583a08c","Test Article Name Modified",attr2;attr12,tag2;tag12
"single_article","8ee54fad-82c6-4a82-9e7a-bf783f2165be","Test Article Name Modified",attr3;attr13,tag3;tag13
"single_article","02d1d95d-60da-46ef-a3ed-f8d43a460b55","Test Article Name Modified",attr4;attr14,tag4;tag14
"single_article","21966984-cdba-478f-9cfc-bed37e7d901f","Test Article Name Modified",attr5;attr15,tag5;tag15
"single_article","2ece0112-0734-4568-ad05-eb55a450f349","Test Article Name Modified",attr6;attr16,tag6;tag16
"single_article","bdc7cceb-317d-4895-b99a-aeccb524538a","Test Article Name Modified",attr7;attr17,tag7;tag17
"single_article","1c1ce800-8e81-4c15-aa28-9efec73b83d3","Test Article Name Modified",attr8;attr18,tag8;tag18
"single_article","447e8f3f-4633-4166-b25b-17d53eb2d11c","Test Article Name Modified",attr9;attr19,tag9;tag19